,pearson_corr,abs_corr
thalch,-0.394502562633803,0.394502562633803
oldpeak,0.3855276002656817,0.3855276002656817
age,0.28269958016942315,0.28269958016942315
chol,-0.2305830782306154,0.2305830782306154
trestbps,0.10623277337276105,0.10623277337276105
