feature,F_value,p_value,MI_score
oldpeak,142.11636021423678,1.4496889422524757e-30,0.09159182530282117
thalch,156.7148915021686,2.6118643749392547e-33,0.08887147191738398
chol,50.793798188278515,2.07521283419465e-12,0.08187659731884755
age,79.73829968115744,2.2906138697114568e-18,0.047821316921006884
trestbps,9.512860100313663,0.0021014305631247687,0.016977426925875116
